home_team_name,away_team_name,home_team_goal_count,away_team_goal_count,home_team_corner_count,away_team_corner_count,home_team_yellow_cards,home_team_red_cards,away_team_yellow_cards,away_team_red_cards,home_team_shots,away_team_shots,home_team_shots_on_target,away_team_shots_on_target,home_team_shots_off_target,away_team_shots_off_target,home_team_fouls,away_team_fouls,home_team_possession,away_team_possession,home_team_result
22,23,5,0,6,2,1,0,1,0,11,4,8,0,3,4,22,10,38,62,1.0
8,31,0,1,0,5,2,0,0,0,7,12,4,6,3,6,12,6,41,59,0.0
16,13,0,1,5,2,1,0,3,0,10,9,4,3,6,6,22,14,67,33,0.0
21,27,3,3,4,5,1,0,1,0,7,12,4,7,3,5,12,10,33,67,1.0
10,1,2,1,5,1,1,0,3,0,11,5,6,2,5,3,16,19,55,45,1.0
0,12,1,1,10,2,0,0,0,0,18,8,8,3,10,5,10,15,77,23,0.0
19,7,0,1,3,7,1,0,2,0,16,9,7,4,9,5,10,18,53,47,0.0
6,17,2,0,6,5,2,0,1,0,10,10,3,3,7,7,20,16,54,46,1.0
5,25,0,1,5,4,2,0,2,0,7,10,4,4,3,6,18,15,52,48,0.0
11,15,0,1,8,1,2,0,2,0,18,12,10,5,8,7,10,16,66,34,0.0
3,29,1,1,7,2,1,0,3,0,16,7,6,3,10,4,11,19,54,46,0.0
28,26,1,0,6,5,1,0,2,0,10,3,5,0,5,3,20,23,55,45,1.0
2,18,3,0,9,3,3,0,5,0,14,7,7,3,7,4,17,18,61,39,1.0
30,9,1,2,2,7,0,0,1,0,5,17,2,9,3,8,14,8,39,61,0.0
4,14,1,2,3,6,2,1,1,0,5,12,4,7,1,5,15,9,38,62,0.0
20,24,1,2,3,3,1,0,2,0,11,7,5,3,6,4,8,15,61,39,0.0
22,8,3,1,7,4,1,0,1,0,10,10,4,2,6,8,11,10,49,51,1.0
21,16,1,0,5,7,1,0,1,0,7,14,3,5,4,9,19,23,45,55,1.0
31,23,1,0,3,4,0,0,0,0,10,7,4,3,6,4,10,13,47,53,1.0
13,27,0,1,2,6,2,0,0,0,8,11,0,6,8,5,14,14,22,78,0.0
7,1,1,1,3,5,2,0,0,0,11,9,6,5,5,4,7,5,47,53,0.0
10,19,1,0,5,3,2,0,2,0,11,9,5,3,6,6,11,15,43,57,1.0
0,6,0,3,5,2,3,0,4,0,7,12,4,6,3,6,16,22,57,43,0.0
3,5,2,0,9,1,2,0,1,0,21,4,11,0,10,4,11,11,71,29,1.0
17,12,2,0,6,5,1,0,0,0,11,9,5,4,6,5,9,10,61,39,1.0
25,29,1,2,3,7,4,0,1,0,12,13,4,6,8,7,17,13,37,63,0.0
2,30,5,2,5,2,0,0,1,0,21,14,13,6,8,8,12,13,49,51,1.0
26,15,1,2,7,5,4,0,0,0,9,13,7,6,2,7,24,7,41,59,0.0
11,28,2,1,8,3,1,1,2,0,12,7,7,6,5,1,12,13,75,25,1.0
9,18,6,1,3,2,1,0,3,0,10,8,8,3,2,5,13,13,59,41,1.0
14,24,2,2,2,5,2,0,3,0,6,13,4,8,2,5,8,15,56,44,1.0
20,4,0,3,7,5,2,0,0,0,5,10,3,5,2,5,15,10,45,55,0.0
31,22,3,0,4,2,1,0,2,1,13,3,7,2,6,1,17,18,57,43,1.0
23,8,2,1,7,2,0,0,2,0,19,7,9,2,10,5,7,16,64,36,1.0
13,21,1,1,1,5,2,0,4,0,7,12,3,5,4,7,16,11,26,74,1.0
27,16,2,2,7,1,0,0,6,0,18,6,6,4,12,2,5,17,74,26,0.0
7,10,0,0,4,2,1,0,0,0,4,11,3,4,1,7,10,10,32,68,1.0
1,19,0,2,8,3,4,0,2,0,10,5,3,4,7,1,14,12,57,43,0.0
17,0,1,2,3,5,2,0,3,0,9,7,4,5,5,2,20,15,33,67,0.0
12,6,1,2,10,5,3,0,2,0,15,11,7,3,8,8,10,11,38,62,0.0
26,11,2,0,3,9,4,0,0,0,11,20,6,7,5,13,16,7,26,74,1.0
15,28,0,3,7,3,3,0,2,0,12,15,4,6,8,9,14,11,66,34,0.0
25,3,0,2,5,9,3,0,0,0,8,10,3,7,5,3,13,7,42,58,0.0
29,5,2,2,6,5,3,0,3,0,10,13,4,7,6,6,9,14,62,38,1.0
14,20,0,1,5,7,1,0,0,0,8,8,4,3,4,5,11,8,54,46,0.0
24,4,0,1,1,3,1,0,1,0,8,4,4,3,4,1,15,15,40,60,0.0
9,2,0,1,7,2,0,0,2,0,9,8,3,5,6,3,11,14,46,54,0.0
